iter	RMSE
0	7.677643326
1	7.360043076
